insert into singers(id, name) values
	(1, 'Zebrahead'),
	(2, 'AC/DC'),
	(3, 'Metallica'),
	(4, 'Skillet'),
	(5, 'Green Day'),
	(6, 'Daisyhead'),
	(7, 'Mariya Takeuchi'),
	(8, 'Tatsuro Yamashita'),
	(9, 'Мельница'),
	(10, 'Have Mercy');

insert into genres(id, name) values
	(1, 'Punk rock'),
	(2, 'Pop punk'),
	(3, 'Hard rock'),
	(4, 'Heavy metal'),
	(5, 'Christian rock'),
	(6, 'Christian metal'),
	(7, 'Alternative rock'),
	(8, 'J-pop'),
	(9, 'City pop'),
	(10, 'Rock');

insert into albums(id, name, publication_year) values
	(1, 'Broadcast To The World', 2006),
	(2, 'Call Your Friends', 2013),
	(3, 'T.N.T', 1975),
	(4, 'Rock Or Bust', 2014),
	(5, 'Metallica', 1991),
	(6, 'Death Magnetic', 2008),
	(7, 'Skillet', 1996),
	(8, 'Victorious', 2019),
	(9, 'Nimrod', 1997),
	(10, 'Revolution Radio', 2016),
	(11, 'Split', 2014),
	(12, 'I''ve Been Better', 2018),
	(13, 'Beggining', 1978),
	(14, 'Trad', 2014),
	(15, 'Ride On Time', 1980),
	(16, 'For You', 1982),
	(17, 'Дикие Травы', 2012),
	(18, 'Алхимия', 2015);

insert into songs(id, name, duration, album_id) values
	(1, 'Broadcast to the World', '00:03:16', 1),
	(2, 'Postcards from Hell', '00:02:45', 1),
	(3, 'Wake Me Up', '00:03:49', 1),
	(4, 'Sirens', '00:03:26', 2),
	(5, 'Call Your Friends', '00:03:07', 2),
	(6, 'Last Call', '00:03:42', 2),
	(7, 'The Jack', '00:05:52', 3),
	(8, 'Live Wire', '00:05:49', 3),
	(9, 'T.N.T.', '00:03:34', 3),
	(10, 'Rock or Bust', '00:03:03', 4),
	(11, 'Baptism by Fire', '00:03:30', 4),
	(12, 'Emission Control', '00:03:41', 4),
	(13, 'Sad but True', '00:05:23', 5),
	(14, 'Don''t Tread on Me', '00:04:00', 5),
	(15, 'My Friend of Misery', '00:06:48', 5),
	(16, 'Cyanide', '00:06:37', 6),
	(17, 'The Judas Kiss', '00:08:00', 6),
	(18, 'My Apocalypse', '00:05:00', 6),
	(19, 'I Can', '00:04:18', 7),
	(20, 'Saturn', '00:05:10', 7),
	(21, 'My Beatiful Robe', '00:03:39', 7),
	(22, 'Legendary', '00:04:05', 8),
	(23, 'Victorious', '00:04:06', 8),
	(24, 'Save Me', '00:03:58', 8),
	(25, 'The Grouch', '00:02:12', 9),
	(26, 'Scattered', '00:03:02', 9),
	(27, 'Rehect', '00:02:05', 9),
	(28, 'Somewhere Now', '00:04:08', 10),
	(29, 'Bang Bang', '00:03:25', 10),
	(30, 'Revolution Radio', '00:03:00', 10),
	(31, 'Say Goodbye', '00:03:39', 10),
	(32, 'Outlaws', '00:05:02', 10),
	(33, 'Bouncing off the Wall', '00:02:40', 10),
	(34, 'Still Breathing', '00:03:44', 10),
	(35, 'Youngblood', '00:02:32', 10),
	(36, 'Too Dumb to Die', '00:03:23', 10),
	(37, 'Troubled Times', '00:03:04', 10),
	(38, 'Forever Now', '00:06:52', 10),
	(39, 'Ordinary World', '00:03:00', 10),
	(40, 'Dishonest', '00:04:47', 11),
	(41, 'Wonder', '00:05:00', 11),
	(42, 'Pete Rose and Babe Ruth', '00:04:25', 11),
	(43, 'Pawn Takes Rook', '00:03:23', 11),
	(44, 'Cool Kids Table', '00:03:47', 12),
	(45, 'Making Me Feel Safe', '00:02:20', 12),
	(46, 'Good bye Summer Breeze', '00:04:14', 13),
	(47, 'Waking Up Alone', '00:03:02', 13),
	(48, 'Just Friend', '00:03:30', 13),
	(49, 'Aloha Shiki Renai Shinan', '00:04:40', 14),
	(50, 'Dear Angie', '00:03:19', 14),
	(51, 'Your Eyes', '00:03:11', 14),
	(52, 'Daydream', '00:04:31', 15),
	(53, 'My Sugar Babe', '00:04:11', 15),
	(54, 'Rainy Day', '00:05:20', 15),
	(55, 'Sparkle', '00:04:13', 16),
	(56, 'Morning Glory', '00:03:28', 16),
	(57, 'Love Talkin''', '00:05:50', 16),
	(58, 'Опасное лето', '00:04:24', 17),
	(59, 'Далеко', '00:04:13', 17),
	(60, 'Шелкопряд', '00:04:14', 17),
	(61, 'Анестезия', '00:04:35', 18),
	(62, 'Радость Моя', '00:03:34', 18),
	(63, 'Тристан', '00:03:14', 18);
	
insert into collections(id, name, publication_year) values
	(1, 'Shenanigans', 2002), 	--Green Day
	(2, 'The Platinum Collection', 2012), --Skillet
	(3, 'Treasures', 1995), --Tatsuro Yamashita
	(4, 'The Bonus Brothers', 2018), --Zebrahead
	(5, 'The Metallica Blacklist', 2020), --Metallica
	(6, 'Ardent Worship', 2000), --Skillet
	(7, 'Morning Glory', 1990), --Mariya Takeuchi
	(8, 'Expressions', 2008); --Mariya Takeuchi
	
insert into genres_singers(genre_id, singer_id) values
	(1, 1),
	(2, 1),
	(3, 2),
	(4, 2),
	(4, 3),
	(3, 3),
	(5, 4),
	(6, 4),
	(7, 4),
	(3, 4),
	(1, 5),
	(2, 5),
	(7, 5),
	(1, 6),
	(7, 6),
	(8, 7),
	(9, 7),
	(10, 8),
	(9, 8),
	(7, 9),
	(1, 10),
	(7, 10);

insert into singers_albums(singer_id, album_id) values
	(1, 1),
	(1, 2),
	(2, 3),
	(2, 4),
	(3, 5),
	(3, 6),
	(4, 7),
	(4, 8),
	(5, 9),
	(5, 10),
	(6, 11),
	(6, 12),
	(7, 13),
	(7, 14),
	(8, 15),
	(8, 16),
	(9, 17),
	(9, 18),
	(10, 11);
	
insert into songs_collections(song_id, collection_id) values
	(25, 1),
	(28, 1),
	(20, 2),
	(24, 2),
	(55, 3),
	(56, 3),
	(1, 4),
	(3, 4),
	(5, 4),
	(14, 5),
	(15, 5),
	(16, 5),
	(21, 6),
	(22, 6),
	(47, 7),
	(49, 7),
	(48, 8),
	(49, 8);